#	week	day	japanese	pronounciation	translation	1d	2d	6d	12d	30d	100d	Last studied
34	1	4	熱い	atsui	hot (to touch)	FALSE	FALSE	FALSE	FALSE	FALSE	FALSE	1
41	1	5	彼女	kanojo	she, one’s girlfriend	FALSE	FALSE	FALSE	FALSE	FALSE	FALSE	1
43	1	5	言葉	kotoba	word, language	FALSE	FALSE	FALSE	FALSE	FALSE	FALSE	0
50	1	5	くれる	kureru	be given	FALSE	FALSE	FALSE	FALSE	FALSE	FALSE	1
57	1	6	部屋	heya	room	FALSE	FALSE	FALSE	FALSE	FALSE	FALSE	0
63	1	7	難しい	muzukashii	difficult	FALSE	FALSE	FALSE	FALSE	FALSE	FALSE	0
98	2	3	友達	tomodachi	friend, companion (colloquial)	FALSE	FALSE	FALSE	FALSE	FALSE	FALSE	0
117	2	5	飛行機	hikouki	airplane	FALSE	FALSE	FALSE	FALSE	FALSE	FALSE	1
135	2	7	一番	ichiban	most, best	FALSE	FALSE	FALSE	FALSE	FALSE	FALSE	0
141	3	1	探す	sagasu	search for, look for	FALSE	FALSE	FALSE	FALSE	FALSE	FALSE	1
157	3	2	寝る	neru	lie down and sleep, go to sleep	FALSE	FALSE	FALSE	FALSE	FALSE	FALSE	0
177	3	4	送る	okuru	send	FALSE	FALSE	FALSE	FALSE	FALSE	FALSE	0
184	3	5	閉める	shimeru	shut, close (doors, windows, etc.)	FALSE	FALSE	FALSE	FALSE	FALSE	FALSE	0
191	3	6	もらう	morau	receive	FALSE	FALSE	FALSE	FALSE	FALSE	FALSE	0
197	3	6	結婚	kekkon	marriage	FALSE	FALSE	FALSE	FALSE	FALSE	FALSE	1
208	3	7	嬉しい	ureshii	happy, glad	FALSE	FALSE	FALSE	FALSE	FALSE	FALSE	0
215	4	1	背	se	height, stature	FALSE	FALSE	FALSE	FALSE	FALSE	FALSE	0
230	4	2	暑い	atsui	hot (of weather)	FALSE	FALSE	FALSE	FALSE	FALSE	FALSE	0
233	4	3	土曜日	doyoubi	Saturday	FALSE	FALSE	FALSE	FALSE	FALSE	FALSE	1
250	4	4	優しい	yasashii	gentle, kind	FALSE	FALSE	FALSE	FALSE	FALSE	FALSE	0
254	4	5	空く	suku	be empty, become less crowded	FALSE	FALSE	FALSE	FALSE	FALSE	FALSE	1
279	4	7	火曜日	kayoubi	Tuesday	FALSE	FALSE	FALSE	FALSE	FALSE	FALSE	1
280	4	7	渇く	kawaku	be thirsty	FALSE	FALSE	FALSE	FALSE	FALSE	FALSE	1
296	5	2	歯	ha	tooth	FALSE	FALSE	FALSE	FALSE	FALSE	FALSE	0
297	5	2	頑張る	ganbaru	work hard, do one’s best	FALSE	FALSE	FALSE	FALSE	FALSE	FALSE	1
315	5	4	細い	hosoi	thin, slender	FALSE	FALSE	FALSE	FALSE	FALSE	FALSE	0
367	6	2	万	man	ten thousand	FALSE	FALSE	FALSE	FALSE	FALSE	FALSE	1
394	6	5	彼	kare	he, one’s boyfriend	FALSE	FALSE	FALSE	FALSE	FALSE	FALSE	1
397	6	5	百	hyaku	hundred	FALSE	FALSE	FALSE	FALSE	FALSE	FALSE	0
402	6	6	必要	hitsuyou	need, necessary	FALSE	FALSE	FALSE	FALSE	FALSE	FALSE	0
403	6	6	もつ	motsu	last long, be durable	FALSE	FALSE	FALSE	FALSE	FALSE	FALSE	1
415	6	7	増える	fueru	increase, accrue	FALSE	FALSE	FALSE	FALSE	FALSE	FALSE	0
436	7	2	予定	yotei	schedule, plan	FALSE	FALSE	FALSE	FALSE	FALSE	FALSE	0
439	7	2	減る	heru	decrease, diminish	FALSE	FALSE	FALSE	FALSE	FALSE	FALSE	0
447	7	3	事故	jiko	accident, trouble	FALSE	FALSE	FALSE	FALSE	FALSE	FALSE	0
455	7	4	種類	shurui	kind, type	FALSE	FALSE	FALSE	FALSE	FALSE	FALSE	0
464	7	5	薄い	usui	thin, weak	FALSE	FALSE	FALSE	FALSE	FALSE	FALSE	0
473	7	6	砂糖	satou	sugar	FALSE	FALSE	FALSE	FALSE	FALSE	FALSE	0
476	7	6	住所	juusho	address	FALSE	FALSE	FALSE	FALSE	FALSE	FALSE	1
483	7	7	切手	kitte	postage stamp	FALSE	FALSE	FALSE	FALSE	FALSE	FALSE	1
501	8	2	氏名	shimei	full name	FALSE	FALSE	FALSE	FALSE	FALSE	FALSE	0
509	8	2	履く	haku	put on (shoes), wear (pants, skirt)	FALSE	FALSE	FALSE	FALSE	FALSE	FALSE	0
514	8	3	辞書	jisho	dictionary (category)	FALSE	FALSE	FALSE	FALSE	FALSE	FALSE	1
531	8	5	厳しい	kibishii	strict, severe	FALSE	FALSE	FALSE	FALSE	FALSE	FALSE	0
535	8	5	残念	zannen	regretful, disappointing	FALSE	FALSE	FALSE	FALSE	FALSE	FALSE	0
536	8	5	仕舞う	shimau	put away, put in	FALSE	FALSE	FALSE	FALSE	FALSE	FALSE	0
542	8	6	勤める	tsutomeru	serve, hold a job	FALSE	FALSE	FALSE	FALSE	FALSE	FALSE	1
545	8	6	賑やか	nigiyaka	lively, exciting	FALSE	FALSE	FALSE	FALSE	FALSE	FALSE	0
548	8	6	橋	hashi	bridge	FALSE	FALSE	FALSE	FALSE	FALSE	FALSE	0
550	8	6	降る	furu	fall, come down (rain, snow, etc.)	FALSE	FALSE	FALSE	FALSE	FALSE	FALSE	1
554	8	7	緩い	yurui	slack, loose	FALSE	FALSE	FALSE	FALSE	FALSE	FALSE	0
567	9	1	醤油	shouyu	soy sauce	FALSE	FALSE	FALSE	FALSE	FALSE	FALSE	0
568	9	1	茶碗	chawan	rice bowl	FALSE	FALSE	FALSE	FALSE	FALSE	FALSE	1
574	9	2	復習	fukushuu	review	FALSE	FALSE	FALSE	FALSE	FALSE	FALSE	1
588	9	3	流行る	hayaru	be in fashion, be popular	FALSE	FALSE	FALSE	FALSE	FALSE	FALSE	1
597	9	4	平成	heisei	Heisei era	FALSE	FALSE	FALSE	FALSE	FALSE	FALSE	0
605	9	5	大変	taihen	awful, hard	FALSE	FALSE	FALSE	FALSE	FALSE	FALSE	1
608	9	5	驚く	odoroku	be surprised, be startled	FALSE	FALSE	FALSE	FALSE	FALSE	FALSE	1
610	9	5	喧嘩	kenka	fight, argument	FALSE	FALSE	FALSE	FALSE	FALSE	FALSE	0
615	9	6	やかん	yakan	kettle	FALSE	FALSE	FALSE	FALSE	FALSE	FALSE	1
617	9	6	残す	nokosu	leave, leave undone	FALSE	FALSE	FALSE	FALSE	FALSE	FALSE	0
622	9	7	場所	basho	place, space	FALSE	FALSE	FALSE	FALSE	FALSE	FALSE	0
626	9	7	生徒	seito	pupil, student	FALSE	FALSE	FALSE	FALSE	FALSE	FALSE	0
630	9	7	運動	undou	movement, exercise	FALSE	FALSE	FALSE	FALSE	FALSE	FALSE	0
631	10	1	選手	senshu	athlete, (sports) player	FALSE	FALSE	FALSE	FALSE	FALSE	FALSE	1
637	10	1	海外	kaigai	overseas, abroad	FALSE	FALSE	FALSE	FALSE	FALSE	FALSE	0
641	10	2	機械	kikai	machine	FALSE	FALSE	FALSE	FALSE	FALSE	FALSE	1
646	10	2	準備	junbi	preparation, arrangement	FALSE	FALSE	FALSE	FALSE	FALSE	FALSE	1
648	10	2	直接	chokusetsu	directly	FALSE	FALSE	FALSE	FALSE	FALSE	FALSE	0
650	10	2	届く	todoku	reach, be received	FALSE	FALSE	FALSE	FALSE	FALSE	FALSE	1
652	10	3	並ぶ	narabu	line up, be parallel	FALSE	FALSE	FALSE	FALSE	FALSE	FALSE	1
656	10	3	場合	baai	situation, case	FALSE	FALSE	FALSE	FALSE	FALSE	FALSE	0
660	10	3	くし	kushi	comb	FALSE	FALSE	FALSE	FALSE	FALSE	FALSE	0
665	10	4	枕	makura	pillow	FALSE	FALSE	FALSE	FALSE	FALSE	FALSE	0
667	10	4	道路	douro	road	FALSE	FALSE	FALSE	FALSE	FALSE	FALSE	0
678	10	5	家庭	katei	home, family	FALSE	FALSE	FALSE	FALSE	FALSE	FALSE	0
679	10	5	期間	kikan	term, period	FALSE	FALSE	FALSE	FALSE	FALSE	FALSE	0
681	10	6	経験	keiken	experience, knowledge	FALSE	FALSE	FALSE	FALSE	FALSE	FALSE	0
684	10	6	注意	chuui	attention, care	FALSE	FALSE	FALSE	FALSE	FALSE	FALSE	0
685	10	6	成功	seikou	success	FALSE	FALSE	FALSE	FALSE	FALSE	FALSE	1
686	10	6	努力	doryoku	endeavor, effort	FALSE	FALSE	FALSE	FALSE	FALSE	FALSE	0
688	10	6	地震	jishin	earthquake	FALSE	FALSE	FALSE	FALSE	FALSE	FALSE	0
689	10	6	手術	shujutsu	surgical operation	FALSE	FALSE	FALSE	FALSE	FALSE	FALSE	0
690	10	6	火傷	yakedo	burn	FALSE	FALSE	FALSE	FALSE	FALSE	FALSE	1
691	10	7	課題	kadai	task, assignment	FALSE	FALSE	FALSE	FALSE	FALSE	FALSE	0
693	10	7	確認	kakunin	confirmation	FALSE	FALSE	FALSE	FALSE	FALSE	FALSE	0
694	10	7	実際	jissai	reality, actual state	FALSE	FALSE	FALSE	FALSE	FALSE	FALSE	1
696	10	7	会議	kaigi	conference, meeting	FALSE	FALSE	FALSE	FALSE	FALSE	FALSE	0
697	10	7	提案	teian	proposition, proposal	FALSE	FALSE	FALSE	FALSE	FALSE	FALSE	1
698	10	7	事務所	jimusho	office, one’s place of business	FALSE	FALSE	FALSE	FALSE	FALSE	FALSE	0
699	10	7	教授	kyouju	professor	FALSE	FALSE	FALSE	FALSE	FALSE	FALSE	1
700	10	7	世紀	seiki	century	FALSE	FALSE	FALSE	FALSE	FALSE	FALSE	0
707	11	1	深い	fukai	deep, profound	FALSE	FALSE	FALSE	FALSE	FALSE	FALSE	0
711	11	2	普通	futsuu	normal, regular	FALSE	FALSE	FALSE	FALSE	FALSE	FALSE	0
722	11	3	許す	yurusu	permit, forgive	FALSE	FALSE	FALSE	FALSE	FALSE	FALSE	0
723	11	3	分ける	wakeru	divide, share	FALSE	FALSE	FALSE	FALSE	FALSE	FALSE	1
724	11	3	自然	shizen	nature	FALSE	FALSE	FALSE	FALSE	FALSE	FALSE	1
730	11	3	急ぐ	isogu	hurry, do quickly	FALSE	FALSE	FALSE	FALSE	FALSE	FALSE	0
738	11	4	被る	kaburu	wear, put on (on one’s head)	FALSE	FALSE	FALSE	FALSE	FALSE	FALSE	1
744	11	5	宿題	shukudai	homework	FALSE	FALSE	FALSE	FALSE	FALSE	FALSE	1
745	11	5	鍵	kagi	key, lock	FALSE	FALSE	FALSE	FALSE	FALSE	FALSE	0
746	11	5	傘	kasa	umbrella, parasol	FALSE	FALSE	FALSE	FALSE	FALSE	FALSE	0
751	11	6	改札口	kaisatsuguchi	ticket gate	FALSE	FALSE	FALSE	FALSE	FALSE	FALSE	0
755	11	6	塩	shio	salt	FALSE	FALSE	FALSE	FALSE	FALSE	FALSE	1
760	11	6	無くす	nakusu	lose, get rid of	FALSE	FALSE	FALSE	FALSE	FALSE	FALSE	1
778	12	1	お釣り	otsuri	change (of money)	FALSE	FALSE	FALSE	FALSE	FALSE	FALSE	1
785	12	2	見方	mikata	view, perspective	FALSE	FALSE	FALSE	FALSE	FALSE	FALSE	0
788	12	2	返事	henji	reply, answer, response	FALSE	FALSE	FALSE	FALSE	FALSE	FALSE	0
796	12	3	複雑	fukuzatsu	complicated, intricate	FALSE	FALSE	FALSE	FALSE	FALSE	FALSE	0
797	12	3	平和	heiwa	peace, harmony	FALSE	FALSE	FALSE	FALSE	FALSE	FALSE	1
800	12	3	雪	yuki	snow, snowfall	FALSE	FALSE	FALSE	FALSE	FALSE	FALSE	1
804	12	4	借りる	kariru	borrow	FALSE	FALSE	FALSE	FALSE	FALSE	FALSE	0
807	12	4	捨てる	suteru	discard, abandon	FALSE	FALSE	FALSE	FALSE	FALSE	FALSE	0
810	12	4	移す	utsusu	move, transfer	FALSE	FALSE	FALSE	FALSE	FALSE	FALSE	0
813	12	5	空港	kuukou	airport (for public transportation)	FALSE	FALSE	FALSE	FALSE	FALSE	FALSE	0
816	12	5	運転	unten	drive	FALSE	FALSE	FALSE	FALSE	FALSE	FALSE	0
821	12	6	通う	kayou	go to and from, frequent a place	FALSE	FALSE	FALSE	FALSE	FALSE	FALSE	0
824	12	6	給料	kyuuryou	salary, pay	FALSE	FALSE	FALSE	FALSE	FALSE	FALSE	0
828	12	6	苦しい	kurushii	painful, agonizing	FALSE	FALSE	FALSE	FALSE	FALSE	FALSE	1
829	12	6	細かい	komakai	minute, fine	FALSE	FALSE	FALSE	FALSE	FALSE	FALSE	1
830	12	6	静か	shizuka	quiet, tranquil	FALSE	FALSE	FALSE	FALSE	FALSE	FALSE	0
831	12	7	健康	kenkou	health	FALSE	FALSE	FALSE	FALSE	FALSE	FALSE	0
832	12	7	ゴルフ	gorufu	golf	FALSE	FALSE	FALSE	FALSE	FALSE	FALSE	0
834	12	7	頼む	tanomu	order, ask for	FALSE	FALSE	FALSE	FALSE	FALSE	FALSE	0
835	12	7	困る	komaru	be in trouble, not know what to do	FALSE	FALSE	FALSE	FALSE	FALSE	FALSE	1
838	12	7	つもり	tsumori	intention, purpose	FALSE	FALSE	FALSE	FALSE	FALSE	FALSE	0
844	13	1	成績	seiseki	results, grade	FALSE	FALSE	FALSE	FALSE	FALSE	FALSE	0
845	13	1	教科書	kyoukasho	textbook, schoolbook	FALSE	FALSE	FALSE	FALSE	FALSE	FALSE	1
846	13	1	席	seki	seat, one’s place	FALSE	FALSE	FALSE	FALSE	FALSE	FALSE	0
848	13	1	教師	kyoushi	teacher, instructor	FALSE	FALSE	FALSE	FALSE	FALSE	FALSE	0
849	13	1	試験	shiken	exam	FALSE	FALSE	FALSE	FALSE	FALSE	FALSE	1
850	13	1	合格	goukaku	pass an examination	FALSE	FALSE	FALSE	FALSE	FALSE	FALSE	1
855	13	2	壁	kabe	wall, partition	FALSE	FALSE	FALSE	FALSE	FALSE	FALSE	1
858	13	2	倒れる	taoreru	fall over	FALSE	FALSE	FALSE	FALSE	FALSE	FALSE	1
862	13	3	確か	tashika	for sure, for certain	FALSE	FALSE	FALSE	FALSE	FALSE	FALSE	0
866	13	3	着く	tsuku	arrive at, reach	FALSE	FALSE	FALSE	FALSE	FALSE	FALSE	0
868	13	3	飾る	kazaru	decorate	FALSE	FALSE	FALSE	FALSE	FALSE	FALSE	0
871	13	4	贈る	okuru	offer, give	FALSE	FALSE	FALSE	FALSE	FALSE	FALSE	1
872	13	4	訪ねる	tazuneru	visit, go to see	FALSE	FALSE	FALSE	FALSE	FALSE	FALSE	1
873	13	4	打つ	utsu	hit, strike	FALSE	FALSE	FALSE	FALSE	FALSE	FALSE	1
874	13	4	相談	soudan	consultation, advice	FALSE	FALSE	FALSE	FALSE	FALSE	FALSE	0
875	13	4	玄関	genkan	entrance, door	FALSE	FALSE	FALSE	FALSE	FALSE	FALSE	0
881	13	5	位置	ichi	position, location	FALSE	FALSE	FALSE	FALSE	FALSE	FALSE	1
882	13	5	季節	kisetsu	season	FALSE	FALSE	FALSE	FALSE	FALSE	FALSE	1
885	13	5	島	shima	island (Japanese origin)	FALSE	FALSE	FALSE	FALSE	FALSE	FALSE	1
886	13	5	海岸	kaigan	seashore, coast	FALSE	FALSE	FALSE	FALSE	FALSE	FALSE	1
890	13	5	科学	kagaku	science	FALSE	FALSE	FALSE	FALSE	FALSE	FALSE	0
891	13	6	太陽	taiyou	sun	FALSE	FALSE	FALSE	FALSE	FALSE	FALSE	1
892	13	6	台風	taifuu	typhoon	FALSE	FALSE	FALSE	FALSE	FALSE	FALSE	0
896	13	6	雑誌	zasshi	magazine, journal	FALSE	FALSE	FALSE	FALSE	FALSE	FALSE	0
898	13	6	大使館	taishikan	embassy	FALSE	FALSE	FALSE	FALSE	FALSE	FALSE	1
899	13	6	故障	koshou	malfunction, breakdown	FALSE	FALSE	FALSE	FALSE	FALSE	FALSE	0
900	13	6	温度	ondo	temperature	FALSE	FALSE	FALSE	FALSE	FALSE	FALSE	0
903	13	7	真ん中	mannaka	center, middle (casual)	FALSE	FALSE	FALSE	FALSE	FALSE	FALSE	1
905	13	7	横	yoko	side, width across	FALSE	FALSE	FALSE	FALSE	FALSE	FALSE	0
907	13	7	素晴らしい	subarashii	excellent, wonderful	FALSE	FALSE	FALSE	FALSE	FALSE	FALSE	1
910	13	7	日時	nichiji	date and time	FALSE	FALSE	FALSE	FALSE	FALSE	FALSE	0
911	14	1	夕方	yuugata	early evening, at dusk	FALSE	FALSE	FALSE	FALSE	FALSE	FALSE	0
912	14	1	通る	tooru	pass, go through	FALSE	FALSE	FALSE	FALSE	FALSE	FALSE	0
913	14	1	自動車	jidousha	automobile	FALSE	FALSE	FALSE	FALSE	FALSE	FALSE	0
914	14	1	慣れる	nareru	grow accustomed to, get used to	FALSE	FALSE	FALSE	FALSE	FALSE	FALSE	1
917	14	1	どんどん	dondon	knock, bang	FALSE	FALSE	FALSE	FALSE	FALSE	FALSE	1
919	14	1	逃げる	nigeru	escape, run away	FALSE	FALSE	FALSE	FALSE	FALSE	FALSE	1
920	14	1	渡す	watasu	hand over, give	FALSE	FALSE	FALSE	FALSE	FALSE	FALSE	0
921	14	2	値段	nedan	price	FALSE	FALSE	FALSE	FALSE	FALSE	FALSE	0
922	14	2	両方	ryouhou	both	FALSE	FALSE	FALSE	FALSE	FALSE	FALSE	1
924	14	2	一部	ichibu	part	FALSE	FALSE	FALSE	FALSE	FALSE	FALSE	1
928	14	2	旅行	ryokou	travel, trip	FALSE	FALSE	FALSE	FALSE	FALSE	FALSE	1
929	14	2	用意	youi	preparation	FALSE	FALSE	FALSE	FALSE	FALSE	FALSE	0
930	14	2	伸びる	nobiru	stretch, grow	FALSE	FALSE	FALSE	FALSE	FALSE	FALSE	0
934	14	3	番組	bangumi	program	FALSE	FALSE	FALSE	FALSE	FALSE	FALSE	0
937	14	3	振る	furu	wave, shake	FALSE	FALSE	FALSE	FALSE	FALSE	FALSE	0
938	14	3	迎える	mukaeru	welcome, receive (a visitor)	FALSE	FALSE	FALSE	FALSE	FALSE	FALSE	0
940	14	3	珍しい	mezurashii	rare, scarce	FALSE	FALSE	FALSE	FALSE	FALSE	FALSE	1
941	14	4	有名	yuumei	famous	FALSE	FALSE	FALSE	FALSE	FALSE	FALSE	1
942	14	4	喜ぶ	yorokobu	be happy, be delighted	FALSE	FALSE	FALSE	FALSE	FALSE	FALSE	1
943	14	4	留学	ryuugaku	study abroad	FALSE	FALSE	FALSE	FALSE	FALSE	FALSE	1
946	14	4	分かれる	wakareru	be divided, split off	FALSE	FALSE	FALSE	FALSE	FALSE	FALSE	0
950	14	4	方向	houkou	direction, course	FALSE	FALSE	FALSE	FALSE	FALSE	FALSE	1
951	14	5	残る	nokoru	remain, be left over	FALSE	FALSE	FALSE	FALSE	FALSE	FALSE	0
953	14	5	まとめる	matomeru	gather together, put in order	FALSE	FALSE	FALSE	FALSE	FALSE	FALSE	1
954	14	5	流れる	nagareru	flow, run	FALSE	FALSE	FALSE	FALSE	FALSE	FALSE	0
957	14	5	洗濯	sentaku	laundry, washing	FALSE	FALSE	FALSE	FALSE	FALSE	FALSE	0
961	14	6	冷める	sameru	cool off	FALSE	FALSE	FALSE	FALSE	FALSE	FALSE	0
962	14	6	色々	iroiro	a variety of	FALSE	FALSE	FALSE	FALSE	FALSE	FALSE	1
963	14	6	持って行く	motteiku	take, bring	FALSE	FALSE	FALSE	FALSE	FALSE	FALSE	0
965	14	6	石鹸	sekken	soap	FALSE	FALSE	FALSE	FALSE	FALSE	FALSE	0
966	14	6	野球	yakyuu	baseball	FALSE	FALSE	FALSE	FALSE	FALSE	FALSE	0
969	14	6	眠る	nemuru	sleep, lie idle	FALSE	FALSE	FALSE	FALSE	FALSE	FALSE	1
972	14	7	西	nishi	west, western	FALSE	FALSE	FALSE	FALSE	FALSE	FALSE	0
977	14	7	励ます	hagemasu	encourage, cheer up	FALSE	FALSE	FALSE	FALSE	FALSE	FALSE	1
978	14	7	涙	namida	tear	FALSE	FALSE	FALSE	FALSE	FALSE	FALSE	0
979	14	7	夢	yume	dream	FALSE	FALSE	FALSE	FALSE	FALSE	FALSE	1
980	14	7	職場	shokuba	place of work, office	FALSE	FALSE	FALSE	FALSE	FALSE	FALSE	0
981	15	1	隣	tonari	next to, next door	FALSE	FALSE	FALSE	FALSE	FALSE	FALSE	1
984	15	1	窓	mado	window	FALSE	FALSE	FALSE	FALSE	FALSE	FALSE	1
985	15	1	押す	osu	push, press down	FALSE	FALSE	FALSE	FALSE	FALSE	FALSE	0
988	15	1	通り	toori	street, road	FALSE	FALSE	FALSE	FALSE	FALSE	FALSE	0
989	15	1	亡くなる	nakunaru	die, pass away	FALSE	FALSE	FALSE	FALSE	FALSE	FALSE	0
990	15	1	夫婦	fuufu	husband and wife, married couple	FALSE	FALSE	FALSE	FALSE	FALSE	FALSE	1
997	15	2	踊る	odoru	dance	FALSE	FALSE	FALSE	FALSE	FALSE	FALSE	1
1000	15	2	秘密	himitsu	secret, privacy	FALSE	FALSE	FALSE	FALSE	FALSE	FALSE	1
1001	15	3	凄い	sugoi	great, incredible	FALSE	FALSE	FALSE	FALSE	FALSE	FALSE	1
1009	15	3	正月	shougatsu	New Year, January	FALSE	FALSE	FALSE	FALSE	FALSE	FALSE	0
1013	15	4	浅い	asai	shallow, superficial	FALSE	FALSE	FALSE	FALSE	FALSE	FALSE	0
1022	15	5	是非	zehi	by all means, please	FALSE	FALSE	FALSE	FALSE	FALSE	FALSE	1
1025	15	5	靴	kutsu	shoes	FALSE	FALSE	FALSE	FALSE	FALSE	FALSE	1
1026	15	5	連絡	renraku	contact, communication	FALSE	FALSE	FALSE	FALSE	FALSE	FALSE	0
1027	15	5	伝言	dengon	message	FALSE	FALSE	FALSE	FALSE	FALSE	FALSE	1
1028	15	5	預ける	azukeru	deposit, leave (something) with (someone)	FALSE	FALSE	FALSE	FALSE	FALSE	FALSE	0
1033	15	6	趣味	shumi	hobby, interest	FALSE	FALSE	FALSE	FALSE	FALSE	FALSE	1
1034	15	6	散歩	sanpo	walk, stroll	FALSE	FALSE	FALSE	FALSE	FALSE	FALSE	1
1036	15	6	安心	anshin	peace of mind, relief	FALSE	FALSE	FALSE	FALSE	FALSE	FALSE	1
1037	15	6	大勢	oozei	large numbers, a lot of (people)	FALSE	FALSE	FALSE	FALSE	FALSE	FALSE	1
1039	15	6	運転手	untenshu	driver	FALSE	FALSE	FALSE	FALSE	FALSE	FALSE	1
1040	15	6	新幹線	shinkansen	bullet train	FALSE	FALSE	FALSE	FALSE	FALSE	FALSE	0
1041	15	7	往復	oufuku	round trip	FALSE	FALSE	FALSE	FALSE	FALSE	FALSE	1
1043	15	7	奥	oku	inner part, the back	FALSE	FALSE	FALSE	FALSE	FALSE	FALSE	1
1045	15	7	親しい	shitashii	intimate, familiar	FALSE	FALSE	FALSE	FALSE	FALSE	FALSE	1
1046	15	7	修理	shuuri	repair, mending	FALSE	FALSE	FALSE	FALSE	FALSE	FALSE	0
1048	15	7	挨拶	aisatsu	greet, greeting	FALSE	FALSE	FALSE	FALSE	FALSE	FALSE	0
1049	15	7	階段	kaidan	steps, flight of stairs	FALSE	FALSE	FALSE	FALSE	FALSE	FALSE	1
1050	15	7	配る	kubaru	hand out, distribute	FALSE	FALSE	FALSE	FALSE	FALSE	FALSE	0
1051	16	1	断る	kotowaru	refuse, turn down	FALSE	FALSE	FALSE	FALSE	FALSE	FALSE	0
1053	16	1	濃い	koi	strong, concentrated	FALSE	FALSE	FALSE	FALSE	FALSE	FALSE	1
1055	16	1	桜	sakura	cherry tree, cherry blossom	FALSE	FALSE	FALSE	FALSE	FALSE	FALSE	0
1056	16	1	仕方	shikata	way, method	FALSE	FALSE	FALSE	FALSE	FALSE	FALSE	1
1057	16	1	絵	e	picture, painting	FALSE	FALSE	FALSE	FALSE	FALSE	FALSE	1
1058	16	1	気温	kion	air temperature	FALSE	FALSE	FALSE	FALSE	FALSE	FALSE	1
1060	16	1	吸う	suu	inhale, suck	FALSE	FALSE	FALSE	FALSE	FALSE	FALSE	0
1061	16	2	案内	annai	guide, guidance	FALSE	FALSE	FALSE	FALSE	FALSE	FALSE	1
1064	16	2	尋ねる	tazuneru	inquire, ask	FALSE	FALSE	FALSE	FALSE	FALSE	FALSE	1
1065	16	2	叩く	tataku	tap, hit	FALSE	FALSE	FALSE	FALSE	FALSE	FALSE	1
1072	16	3	蹴る	keru	kick	FALSE	FALSE	FALSE	FALSE	FALSE	FALSE	0
1073	16	3	敷く	shiku	lay, spread	FALSE	FALSE	FALSE	FALSE	FALSE	FALSE	0
1075	16	3	交通事故	koutsuujiko	traffic accident	FALSE	FALSE	FALSE	FALSE	FALSE	FALSE	1
1076	16	3	遭う	au	meet, encounter, get caught in	FALSE	FALSE	FALSE	FALSE	FALSE	FALSE	0
1077	16	3	招待	shoutai	invitation	FALSE	FALSE	FALSE	FALSE	FALSE	FALSE	1
1078	16	3	咲く	saku	bloom, blossom	FALSE	FALSE	FALSE	FALSE	FALSE	FALSE	1
1079	16	3	二十歳	hatachi	20 years old	FALSE	FALSE	FALSE	FALSE	FALSE	FALSE	0
1082	16	4	池	ike	pond	FALSE	FALSE	FALSE	FALSE	FALSE	FALSE	0
1084	16	4	愛	ai	love	FALSE	FALSE	FALSE	FALSE	FALSE	FALSE	1
1085	16	4	課	ka	section, division	FALSE	FALSE	FALSE	FALSE	FALSE	FALSE	1
1089	16	4	すり	suri	pickpocket	FALSE	FALSE	FALSE	FALSE	FALSE	FALSE	1
1093	16	5	刺す	sasu	sting, stab	FALSE	FALSE	FALSE	FALSE	FALSE	FALSE	1
1095	16	5	沈む	shizumu	sink	FALSE	FALSE	FALSE	FALSE	FALSE	FALSE	0
1096	16	5	組み立てる	kumitateru	set up, put together	FALSE	FALSE	FALSE	FALSE	FALSE	FALSE	0
1097	16	5	恐ろしい	osoroshii	terrible, awful	FALSE	FALSE	FALSE	FALSE	FALSE	FALSE	0
1104	16	6	なかなか	nakanaka	not easily, not readily	FALSE	FALSE	FALSE	FALSE	FALSE	FALSE	0
1106	16	6	久しぶり	hisashiburi	after a long time	FALSE	FALSE	FALSE	FALSE	FALSE	FALSE	0
1107	16	6	便利	benri	convenience	FALSE	FALSE	FALSE	FALSE	FALSE	FALSE	0
1108	16	6	迷惑	meiwaku	trouble, annoyance	FALSE	FALSE	FALSE	FALSE	FALSE	FALSE	0
1111	16	7	足りる	tariru	suffice, be enough	FALSE	FALSE	FALSE	FALSE	FALSE	FALSE	1
1112	16	7	疲れる	tsukareru	get tired, become fatigued	FALSE	FALSE	FALSE	FALSE	FALSE	FALSE	1
1114	16	7	全然	zenzen	(not ) at all	FALSE	FALSE	FALSE	FALSE	FALSE	FALSE	1
1115	16	7	猫	neko	cat	FALSE	FALSE	FALSE	FALSE	FALSE	FALSE	1
1118	16	7	地下鉄	chikatetsu	subway	FALSE	FALSE	FALSE	FALSE	FALSE	FALSE	0
1119	16	7	駐車場	chuushajou	parking area, parking lot	FALSE	FALSE	FALSE	FALSE	FALSE	FALSE	0
1120	16	7	ぶつかる	butsukaru	hit, bump into	FALSE	FALSE	FALSE	FALSE	FALSE	FALSE	0
1121	17	1	運賃	unchin	(passenger) fare	FALSE	FALSE	FALSE	FALSE	FALSE	FALSE	0
1122	17	1	通学	tsuugaku	commuting to school	FALSE	FALSE	FALSE	FALSE	FALSE	FALSE	1
1123	17	1	見送る	miokuru	see (someone) off	FALSE	FALSE	FALSE	FALSE	FALSE	FALSE	1
1127	17	1	予約	yoyaku	reservation, appointment	FALSE	FALSE	FALSE	FALSE	FALSE	FALSE	1
1128	17	1	番号	bangou	assigned number	FALSE	FALSE	FALSE	FALSE	FALSE	FALSE	1
1129	17	1	注文	chuumon	order	FALSE	FALSE	FALSE	FALSE	FALSE	FALSE	0
1132	17	2	材料	zairyou	material, ingredient	FALSE	FALSE	FALSE	FALSE	FALSE	FALSE	0
1134	17	2	焼く	yaku	bake, grill	FALSE	FALSE	FALSE	FALSE	FALSE	FALSE	1
1135	17	2	匂い	nioi	(pleasant) smell, odor	FALSE	FALSE	FALSE	FALSE	FALSE	FALSE	0
1137	17	2	痩せる	yaseru	lose weight, become thin	FALSE	FALSE	FALSE	FALSE	FALSE	FALSE	0
1138	17	2	届ける	todokeru	deliver	FALSE	FALSE	FALSE	FALSE	FALSE	FALSE	0
1139	17	2	間に合う	maniau	be in time, suffice	FALSE	FALSE	FALSE	FALSE	FALSE	FALSE	0
1142	17	3	得意	tokui	one’s specialty, be good at	FALSE	FALSE	FALSE	FALSE	FALSE	FALSE	0
1143	17	3	塗る	nuru	spread on, paint	FALSE	FALSE	FALSE	FALSE	FALSE	FALSE	0
1144	17	3	投げる	nageru	throw	FALSE	FALSE	FALSE	FALSE	FALSE	FALSE	1
1146	17	3	注目	chuumoku	attention, notice	FALSE	FALSE	FALSE	FALSE	FALSE	FALSE	0
1147	17	3	未来	mirai	future	FALSE	FALSE	FALSE	FALSE	FALSE	FALSE	0
1148	17	3	箱	hako	box, case	FALSE	FALSE	FALSE	FALSE	FALSE	FALSE	0
1154	17	4	踏む	fumu	step on, tread on	FALSE	FALSE	FALSE	FALSE	FALSE	FALSE	0
1155	17	4	別々	betsubetsu	separately	FALSE	FALSE	FALSE	FALSE	FALSE	FALSE	1
1157	17	4	握る	nigiru	grasp, grip, hold	FALSE	FALSE	FALSE	FALSE	FALSE	FALSE	0
1158	17	4	真っ赤	makka	deep red	FALSE	FALSE	FALSE	FALSE	FALSE	FALSE	0
1159	17	4	拾う	hirou	pick up	FALSE	FALSE	FALSE	FALSE	FALSE	FALSE	1
1162	17	5	辞める	yameru	resign, leave (one’s job), quit	FALSE	FALSE	FALSE	FALSE	FALSE	FALSE	0
1163	17	5	揺れる	yureru	shake, sway	FALSE	FALSE	FALSE	FALSE	FALSE	FALSE	0
1164	17	5	立派	rippa	fine, elegant	FALSE	FALSE	FALSE	FALSE	FALSE	FALSE	1
1165	17	5	練習	renshuu	practice, training	FALSE	FALSE	FALSE	FALSE	FALSE	FALSE	0
1166	17	5	割る	waru	divide, split	FALSE	FALSE	FALSE	FALSE	FALSE	FALSE	0
1167	17	5	部分	bubun	part, section	FALSE	FALSE	FALSE	FALSE	FALSE	FALSE	1
1168	17	5	拭く	fuku	wipe, dry	FALSE	FALSE	FALSE	FALSE	FALSE	FALSE	1
1169	17	5	招く	maneku	invite	FALSE	FALSE	FALSE	FALSE	FALSE	FALSE	1
1170	17	5	急	kyuu	urgent, steep	FALSE	FALSE	FALSE	FALSE	FALSE	FALSE	1
1171	17	6	汚れる	yogoreru	become dirty	FALSE	FALSE	FALSE	FALSE	FALSE	FALSE	1
1172	17	6	渡る	wataru	cross, go across	FALSE	FALSE	FALSE	FALSE	FALSE	FALSE	0
1173	17	6	途中	tochuu	on the way, half way	FALSE	FALSE	FALSE	FALSE	FALSE	FALSE	0
1175	17	6	盗む	nusumu	steal, rob	FALSE	FALSE	FALSE	FALSE	FALSE	FALSE	1
1176	17	6	普段	fudan	usual, ordinary	FALSE	FALSE	FALSE	FALSE	FALSE	FALSE	1
1177	17	6	旅館	ryokan	Japanese inn	FALSE	FALSE	FALSE	FALSE	FALSE	FALSE	0
1178	17	6	博物館	hakubutsukan	museum	FALSE	FALSE	FALSE	FALSE	FALSE	FALSE	0
1179	17	6	ホーム	ho-mu	platform (for short)	FALSE	FALSE	FALSE	FALSE	FALSE	FALSE	1
1180	17	6	引っ越す	hikkosu	move, relocate	FALSE	FALSE	FALSE	FALSE	FALSE	FALSE	1
1181	17	7	荷物	nimotsu	baggage, load	FALSE	FALSE	FALSE	FALSE	FALSE	FALSE	0
1182	17	7	家賃	yachin	rent	FALSE	FALSE	FALSE	FALSE	FALSE	FALSE	1
1183	17	7	計画	keikaku	plan	FALSE	FALSE	FALSE	FALSE	FALSE	FALSE	0
1184	17	7	廊下	rouka	hallway, corridor	FALSE	FALSE	FALSE	FALSE	FALSE	FALSE	0
1185	17	7	天井	tenjou	ceiling	FALSE	FALSE	FALSE	FALSE	FALSE	FALSE	1
1188	17	7	屋根	yane	roof	FALSE	FALSE	FALSE	FALSE	FALSE	FALSE	1
1189	17	7	祭り	matsuri	festival	FALSE	FALSE	FALSE	FALSE	FALSE	FALSE	0
1190	17	7	離婚	rikon	divorce	FALSE	FALSE	FALSE	FALSE	FALSE	FALSE	1
1193	18	1	燃える	moeru	burn, catch on fire	FALSE	FALSE	FALSE	FALSE	FALSE	FALSE	0
1194	18	1	巻く	maku	roll up, wrap	FALSE	FALSE	FALSE	FALSE	FALSE	FALSE	0
1196	18	1	訪れる	otozureru	go and visit (place)	FALSE	FALSE	FALSE	FALSE	FALSE	FALSE	1
1197	18	1	破る	yaburu	tear, breach	FALSE	FALSE	FALSE	FALSE	FALSE	FALSE	0
1198	18	1	関係	kankei	relation, relationship	FALSE	FALSE	FALSE	FALSE	FALSE	FALSE	1
1199	18	1	録音	rokuon	(sound) recording	FALSE	FALSE	FALSE	FALSE	FALSE	FALSE	0
1200	18	1	不幸	fukou	unhappiness, misfortune	FALSE	FALSE	FALSE	FALSE	FALSE	FALSE	0
1202	18	2	着物	kimono	traditional Japanese clothes	FALSE	FALSE	FALSE	FALSE	FALSE	FALSE	0
1203	18	2	牛乳	gyuunyuu	milk	FALSE	FALSE	FALSE	FALSE	FALSE	FALSE	1
1204	18	2	救急車	kyuukyuusha	ambulance	FALSE	FALSE	FALSE	FALSE	FALSE	FALSE	1
1205	18	2	果物	kudamono	fruit	FALSE	FALSE	FALSE	FALSE	FALSE	FALSE	1
1206	18	2	間違い	machigai	mistake, error	FALSE	FALSE	FALSE	FALSE	FALSE	FALSE	0
1208	18	2	怖い	kowai	scary, be afraid	FALSE	FALSE	FALSE	FALSE	FALSE	FALSE	0
1209	18	2	鏡	kagami	mirror	FALSE	FALSE	FALSE	FALSE	FALSE	FALSE	0
1210	18	2	草	kusa	grass, weed	FALSE	FALSE	FALSE	FALSE	FALSE	FALSE	0
1211	18	3	敬語	keigo	polite speech	FALSE	FALSE	FALSE	FALSE	FALSE	FALSE	1
1212	18	3	欠席	kesseki	absence	FALSE	FALSE	FALSE	FALSE	FALSE	FALSE	0
1214	18	3	掃除	souji	cleaning	FALSE	FALSE	FALSE	FALSE	FALSE	FALSE	0
1215	18	3	畳	tatami	straw mat	FALSE	FALSE	FALSE	FALSE	FALSE	FALSE	1
1219	18	3	弁当	bentou	boxed lunch	FALSE	FALSE	FALSE	FALSE	FALSE	FALSE	0
1221	18	4	寂しい	sabishii	lonely, desolate, sad	FALSE	FALSE	FALSE	FALSE	FALSE	FALSE	0
1222	18	4	少しも	sukoshimo	(not) in the least	FALSE	FALSE	FALSE	FALSE	FALSE	FALSE	1
1223	18	4	尊敬	sonkei	respect, esteem	FALSE	FALSE	FALSE	FALSE	FALSE	FALSE	0
1227	18	4	我慢	gaman	patience, endurance	FALSE	FALSE	FALSE	FALSE	FALSE	FALSE	0
1228	18	4	国籍	kokuseki	nationality, citizenship	FALSE	FALSE	FALSE	FALSE	FALSE	FALSE	0
1229	18	4	恥ずかしい	hazukashii	embarrassed, ashamed	FALSE	FALSE	FALSE	FALSE	FALSE	FALSE	1
1231	18	5	洋服	youfuku	(western-style) clothes	FALSE	FALSE	FALSE	FALSE	FALSE	FALSE	0
1232	18	5	油	abura	oil	FALSE	FALSE	FALSE	FALSE	FALSE	FALSE	0
1236	18	5	正直	shoujiki	honest, upright	FALSE	FALSE	FALSE	FALSE	FALSE	FALSE	0
1239	18	5	水道	suidou	tap water	FALSE	FALSE	FALSE	FALSE	FALSE	FALSE	1
1240	18	5	店員	tenin	clerk, salesperson	FALSE	FALSE	FALSE	FALSE	FALSE	FALSE	0
1241	18	6	電池	denchi	battery	FALSE	FALSE	FALSE	FALSE	FALSE	FALSE	0
1243	18	6	握手	akushu	handshake	FALSE	FALSE	FALSE	FALSE	FALSE	FALSE	0
1245	18	6	ぶどう	budou	grapes	FALSE	FALSE	FALSE	FALSE	FALSE	FALSE	0
1246	18	6	迷う	mayou	get lost	FALSE	FALSE	FALSE	FALSE	FALSE	FALSE	1
1247	18	6	見物	kenbutsu	sightseeing, visit	FALSE	FALSE	FALSE	FALSE	FALSE	FALSE	0
1248	18	6	知らせる	shiraseru	let know, inform	FALSE	FALSE	FALSE	FALSE	FALSE	FALSE	1
1249	18	6	神社	jinja	Shinto shrine	FALSE	FALSE	FALSE	FALSE	FALSE	FALSE	0
1250	18	6	注射	chuusha	injection, shot	FALSE	FALSE	FALSE	FALSE	FALSE	FALSE	0
1251	18	7	めったに	mettani	rarely, seldom	FALSE	FALSE	FALSE	FALSE	FALSE	FALSE	0
1252	18	7	作文	sakubun	composition, essay	FALSE	FALSE	FALSE	FALSE	FALSE	FALSE	0
1253	18	7	鳴る	naru	sound, ring	FALSE	FALSE	FALSE	FALSE	FALSE	FALSE	0
1254	18	7	真面目	majime	serious and sincere	FALSE	FALSE	FALSE	FALSE	FALSE	FALSE	0
1255	18	7	申し込む	moushikomu	apply, sign up	FALSE	FALSE	FALSE	FALSE	FALSE	FALSE	0
1256	18	7	冷蔵庫	reizouko	refrigerator	FALSE	FALSE	FALSE	FALSE	FALSE	FALSE	0
1260	18	7	誕生日	tanjoubi	birthday	FALSE	FALSE	FALSE	FALSE	FALSE	FALSE	0
1261	19	1	独身	dokushin	single, unmarried	FALSE	FALSE	FALSE	FALSE	FALSE	FALSE	0
1262	19	1	苦い	nigai	bitter	FALSE	FALSE	FALSE	FALSE	FALSE	FALSE	0
1266	19	1	切符	kippu	ticket	FALSE	FALSE	FALSE	FALSE	FALSE	FALSE	0
1268	19	1	少々	shoushou	a little, a bit	FALSE	FALSE	FALSE	FALSE	FALSE	FALSE	1
1269	19	1	随分	zuibun	extremely, considerably	FALSE	FALSE	FALSE	FALSE	FALSE	FALSE	0
1270	19	1	引っ張る	hipparu	pull, drag	FALSE	FALSE	FALSE	FALSE	FALSE	FALSE	0
1271	19	2	焼ける	yakeru	burn, cook	FALSE	FALSE	FALSE	FALSE	FALSE	FALSE	0
1272	19	2	鉛筆	enpitsu	pencil	FALSE	FALSE	FALSE	FALSE	FALSE	FALSE	0
1273	19	2	会話	kaiwa	conversation	FALSE	FALSE	FALSE	FALSE	FALSE	FALSE	1
1277	19	2	胃	i	stomach	FALSE	FALSE	FALSE	FALSE	FALSE	FALSE	0
1278	19	2	禁煙	kinen	non-smoking	FALSE	FALSE	FALSE	FALSE	FALSE	FALSE	0
1279	19	2	丸い	marui	round	FALSE	FALSE	FALSE	FALSE	FALSE	FALSE	1
1280	19	2	写る	utsuru	be photographed	FALSE	FALSE	FALSE	FALSE	FALSE	FALSE	0
1281	19	3	喫茶店	kissaten	coffee shop, café	FALSE	FALSE	FALSE	FALSE	FALSE	FALSE	1
1283	19	3	週刊誌	shuukanshi	weekly magazine	FALSE	FALSE	FALSE	FALSE	FALSE	FALSE	0
1284	19	3	棚	tana	shelf, rack	FALSE	FALSE	FALSE	FALSE	FALSE	FALSE	0
1285	19	3	震える	furueru	tremble, shake	FALSE	FALSE	FALSE	FALSE	FALSE	FALSE	0
1286	19	3	磨く	migaku	polish, grind	FALSE	FALSE	FALSE	FALSE	FALSE	FALSE	1
1288	19	3	火事	kaji	fire, blaze	FALSE	FALSE	FALSE	FALSE	FALSE	FALSE	1
1290	19	3	皆さん	minasan	everybody, everyone (polite)	FALSE	FALSE	FALSE	FALSE	FALSE	FALSE	1
1292	19	4	付く	tsuku	stick to, cling to	FALSE	FALSE	FALSE	FALSE	FALSE	FALSE	0
1294	19	4	結構	kekkou	quite	FALSE	FALSE	FALSE	FALSE	FALSE	FALSE	0
1295	19	4	悪口	warukuchi	slander, abuse	FALSE	FALSE	FALSE	FALSE	FALSE	FALSE	0
1296	19	4	広まる	hiromaru	spread, get around	FALSE	FALSE	FALSE	FALSE	FALSE	FALSE	0
1297	19	4	内緒	naisho	secrecy, privacy	FALSE	FALSE	FALSE	FALSE	FALSE	FALSE	0
1298	19	4	つぶる	tsuburu	close (eyes)	FALSE	FALSE	FALSE	FALSE	FALSE	FALSE	0
1299	19	4	用件	youken	matter, things to be done	FALSE	FALSE	FALSE	FALSE	FALSE	FALSE	1
1301	19	5	貯金	chokin	savings, deposit	FALSE	FALSE	FALSE	FALSE	FALSE	FALSE	0
1303	19	5	預かる	azukaru	take care of, keep	FALSE	FALSE	FALSE	FALSE	FALSE	FALSE	0
1305	19	5	噛む	kamu	bite, chew	FALSE	FALSE	FALSE	FALSE	FALSE	FALSE	0
1307	19	5	越える	koeru	go over, go across	FALSE	FALSE	FALSE	FALSE	FALSE	FALSE	1
1308	19	5	小包	kodutsumi	parcel, package	FALSE	FALSE	FALSE	FALSE	FALSE	FALSE	0
1310	19	5	配達	haitatsu	delivery	FALSE	FALSE	FALSE	FALSE	FALSE	FALSE	0
1311	19	6	動物園	doubutsuen	zoo	FALSE	FALSE	FALSE	FALSE	FALSE	FALSE	0
1312	19	6	封筒	fuutou	envelope	FALSE	FALSE	FALSE	FALSE	FALSE	FALSE	0
1313	19	6	危ない	abunai	dangerous	FALSE	FALSE	FALSE	FALSE	FALSE	FALSE	0
1317	19	6	水泳	suiei	swimming	FALSE	FALSE	FALSE	FALSE	FALSE	FALSE	0
1318	19	6	混む	komu	be crowded, be congested	FALSE	FALSE	FALSE	FALSE	FALSE	FALSE	0
1320	19	6	取れる	toreru	come off, be removed	FALSE	FALSE	FALSE	FALSE	FALSE	FALSE	0
1323	19	7	郵便	yuubin	mail service, postal mail	FALSE	FALSE	FALSE	FALSE	FALSE	FALSE	0
1324	19	7	割れる	wareru	crack, split	FALSE	FALSE	FALSE	FALSE	FALSE	FALSE	1
1326	19	7	おしゃべり	oshaberi	talkative, chatty	FALSE	FALSE	FALSE	FALSE	FALSE	FALSE	0
1329	19	7	曲げる	mageru	bend (something)	FALSE	FALSE	FALSE	FALSE	FALSE	FALSE	1
1331	20	1	理科	rika	science (school subject)	FALSE	FALSE	FALSE	FALSE	FALSE	FALSE	1
1332	20	1	下着	shitagi	underwear	FALSE	FALSE	FALSE	FALSE	FALSE	FALSE	0
1334	20	1	冷房	reibou	air conditioning (cooling)	FALSE	FALSE	FALSE	FALSE	FALSE	FALSE	1
1335	20	1	別れる	wakareru	separate, part	FALSE	FALSE	FALSE	FALSE	FALSE	FALSE	0
1336	20	1	空く	aku	become available or vacant	FALSE	FALSE	FALSE	FALSE	FALSE	FALSE	0
1337	20	1	出掛ける	dekakeru	go out, leave home	FALSE	FALSE	FALSE	FALSE	FALSE	FALSE	1
1339	20	1	指輪	yubiwa	ring	FALSE	FALSE	FALSE	FALSE	FALSE	FALSE	1
1340	20	1	腐る	kusaru	rot, go bad	FALSE	FALSE	FALSE	FALSE	FALSE	FALSE	1
1341	20	2	貧乏	binbou	poverty, destitution	FALSE	FALSE	FALSE	FALSE	FALSE	FALSE	0
1342	20	2	おしゃれ	oshare	trendy, fashionable	FALSE	FALSE	FALSE	FALSE	FALSE	FALSE	0
1343	20	2	休憩	kyuukei	break	FALSE	FALSE	FALSE	FALSE	FALSE	FALSE	0
1344	20	2	舌	shita	tongue	FALSE	FALSE	FALSE	FALSE	FALSE	FALSE	1
1347	20	2	朝刊	choukan	morning edition paper	FALSE	FALSE	FALSE	FALSE	FALSE	FALSE	0
1348	20	2	丁寧	teinei	polite, careful	FALSE	FALSE	FALSE	FALSE	FALSE	FALSE	0
1349	20	2	苦手	nigate	not good at, be bad at	FALSE	FALSE	FALSE	FALSE	FALSE	FALSE	1
1351	20	3	引っ越し	hikkoshi	moving (house)	FALSE	FALSE	FALSE	FALSE	FALSE	FALSE	0
1352	20	3	歩道	hodou	sidewalk, pavement	FALSE	FALSE	FALSE	FALSE	FALSE	FALSE	0
1353	20	3	折れる	oreru	break, snap	FALSE	FALSE	FALSE	FALSE	FALSE	FALSE	0
1354	20	3	見送り	miokuri	send-off	FALSE	FALSE	FALSE	FALSE	FALSE	FALSE	1
1356	20	3	この間	konoaida	the other day, not so long ago	FALSE	FALSE	FALSE	FALSE	FALSE	FALSE	1
1357	20	3	冷える	hieru	cool down, get chilled	FALSE	FALSE	FALSE	FALSE	FALSE	FALSE	1
1361	20	4	黒板	kokuban	blackboard	FALSE	FALSE	FALSE	FALSE	FALSE	FALSE	0
1362	20	4	積もる	tsumoru	pile up	FALSE	FALSE	FALSE	FALSE	FALSE	FALSE	0
1364	20	4	現在	genzai	the present, present time	FALSE	FALSE	FALSE	FALSE	FALSE	FALSE	0
1365	20	4	利用	riyou	utilization, usage	FALSE	FALSE	FALSE	FALSE	FALSE	FALSE	0
1366	20	4	方法	houhou	method, procedure	FALSE	FALSE	FALSE	FALSE	FALSE	FALSE	1
1367	20	4	中心	chuushin	center (of a circle, etc.), core	FALSE	FALSE	FALSE	FALSE	FALSE	FALSE	0
1368	20	4	明らか	akiraka	clear, obvious	FALSE	FALSE	FALSE	FALSE	FALSE	FALSE	0
1369	20	4	社長	shachou	president (of a company)	FALSE	FALSE	FALSE	FALSE	FALSE	FALSE	0
1370	20	4	ほぼ	hobo	almost, nearly	FALSE	FALSE	FALSE	FALSE	FALSE	FALSE	0
1371	20	5	商品	shouhin	goods, commodities	FALSE	FALSE	FALSE	FALSE	FALSE	FALSE	0
1372	20	5	大型	oogata	large, large scale	FALSE	FALSE	FALSE	FALSE	FALSE	FALSE	1
1373	20	5	限る	kagiru	be limited to	FALSE	FALSE	FALSE	FALSE	FALSE	FALSE	1
1374	20	5	記録	kiroku	record, documentation	FALSE	FALSE	FALSE	FALSE	FALSE	FALSE	0
1375	20	5	具体的	gutaiteki	concrete, specific	FALSE	FALSE	FALSE	FALSE	FALSE	FALSE	0
1376	20	5	効果	kouka	effect, result	FALSE	FALSE	FALSE	FALSE	FALSE	FALSE	0
1377	20	5	公開	koukai	opening (to the public)	FALSE	FALSE	FALSE	FALSE	FALSE	FALSE	0
1378	20	5	作品	sakuhin	work of art, creation	FALSE	FALSE	FALSE	FALSE	FALSE	FALSE	1
1379	20	5	迫る	semaru	close in on, approach	FALSE	FALSE	FALSE	FALSE	FALSE	FALSE	0
1380	20	5	大会	taikai	tournament, event	FALSE	FALSE	FALSE	FALSE	FALSE	FALSE	0
1381	20	6	背景	haikei	background, backdrop	FALSE	FALSE	FALSE	FALSE	FALSE	FALSE	0
1382	20	6	文字	moji	character, letter, writing	FALSE	FALSE	FALSE	FALSE	FALSE	FALSE	1
1383	20	6	規則	kisoku	rule, regulation	FALSE	FALSE	FALSE	FALSE	FALSE	FALSE	0
1384	20	6	近所	kinjo	neighborhood	FALSE	FALSE	FALSE	FALSE	FALSE	FALSE	0
1386	20	6	首都	shuto	capital	FALSE	FALSE	FALSE	FALSE	FALSE	FALSE	0
1387	20	6	減らす	herasu	reduce (something)	FALSE	FALSE	FALSE	FALSE	FALSE	FALSE	0
1388	20	6	隠れる	kakureru	hide	FALSE	FALSE	FALSE	FALSE	FALSE	FALSE	0
1389	20	6	美術館	bijutsukan	art museum	FALSE	FALSE	FALSE	FALSE	FALSE	FALSE	0
1391	20	7	暇	hima	free time, spare time	FALSE	FALSE	FALSE	FALSE	FALSE	FALSE	0
1392	20	7	絵葉書	ehagaki	picture postcard	FALSE	FALSE	FALSE	FALSE	FALSE	FALSE	1
1395	20	7	通勤	tsuukin	commute	FALSE	FALSE	FALSE	FALSE	FALSE	FALSE	0
1398	20	7	緊張	kinchou	tension, strain	FALSE	FALSE	FALSE	FALSE	FALSE	FALSE	1
1399	20	7	気付く	kiduku	notice, realize	FALSE	FALSE	FALSE	FALSE	FALSE	FALSE	0
1400	20	7	物語	monogatari	story, tale	FALSE	FALSE	FALSE	FALSE	FALSE	FALSE	0
1402	21	1	登る	noboru	climb, go up	FALSE	FALSE	FALSE	FALSE	FALSE	FALSE	1
1404	21	1	下ろす	orosu	bring down, take down	FALSE	FALSE	FALSE	FALSE	FALSE	FALSE	0
1405	21	1	貸し出す	kashidasu	lend, lend out	FALSE	FALSE	FALSE	FALSE	FALSE	FALSE	0
1407	21	1	暖房	danbou	heating	FALSE	FALSE	FALSE	FALSE	FALSE	FALSE	1
1408	21	1	手袋	tebukuro	gloves	FALSE	FALSE	FALSE	FALSE	FALSE	FALSE	0
1409	21	1	留守	rusu	not at home	FALSE	FALSE	FALSE	FALSE	FALSE	FALSE	0
1410	21	1	嘘	uso	lie	FALSE	FALSE	FALSE	FALSE	FALSE	FALSE	0
1411	21	2	遠慮	enryo	restraint, hold back	FALSE	FALSE	FALSE	FALSE	FALSE	FALSE	0
1412	21	2	折る	oru	break (something), fold (something)	FALSE	FALSE	FALSE	FALSE	FALSE	FALSE	0
1415	21	2	可哀相	kawaisou	poor, pitiful	FALSE	FALSE	FALSE	FALSE	FALSE	FALSE	0
1416	21	2	パトカー	patoka-	police car	FALSE	FALSE	FALSE	FALSE	FALSE	FALSE	1
1418	21	2	毛布	moufu	blanket	FALSE	FALSE	FALSE	FALSE	FALSE	FALSE	0
1420	21	2	お嬢さん	ojousan	young lady, daughter	FALSE	FALSE	FALSE	FALSE	FALSE	FALSE	0
1421	21	3	手帳	techou	pocket notebook	FALSE	FALSE	FALSE	FALSE	FALSE	FALSE	0
1423	21	3	売店	baiten	booth, shop	FALSE	FALSE	FALSE	FALSE	FALSE	FALSE	0
1425	21	3	謝る	ayamaru	apologize	FALSE	FALSE	FALSE	FALSE	FALSE	FALSE	0
1427	21	3	天気予報	tenkiyohou	weather forecast	FALSE	FALSE	FALSE	FALSE	FALSE	FALSE	1
1428	21	3	変	hen	strange, weird	FALSE	FALSE	FALSE	FALSE	FALSE	FALSE	0
1429	21	3	一生懸命	isshoukenmei	hard-working, doing one’s best	FALSE	FALSE	FALSE	FALSE	FALSE	FALSE	0
1430	21	3	間違う	machigau	make a mistake, be wrong	FALSE	FALSE	FALSE	FALSE	FALSE	FALSE	0
1431	21	4	事務室	jimushitsu	office	FALSE	FALSE	FALSE	FALSE	FALSE	FALSE	0
1435	21	4	脱ぐ	nugu	take off (clothes)	FALSE	FALSE	FALSE	FALSE	FALSE	FALSE	0
1436	21	4	年賀状	nenkajou	New Year’s card	FALSE	FALSE	FALSE	FALSE	FALSE	FALSE	1
1438	21	4	布団	futon	Japanese-style padded mattress	FALSE	FALSE	FALSE	FALSE	FALSE	FALSE	0
1439	21	4	役に立つ	yakunitatsu	be useful, be helpful	FALSE	FALSE	FALSE	FALSE	FALSE	FALSE	0
1440	21	4	破れる	yabureru	tear, rip open	FALSE	FALSE	FALSE	FALSE	FALSE	FALSE	0
1442	21	5	写す	utsusu	copy, photograph	FALSE	FALSE	FALSE	FALSE	FALSE	FALSE	0
1444	21	5	贈り物	okurimono	present, gift	FALSE	FALSE	FALSE	FALSE	FALSE	FALSE	1
1446	21	5	冷やす	hiyasu	chill (something), cool down	FALSE	FALSE	FALSE	FALSE	FALSE	FALSE	1
1447	21	5	片付ける	katazukeru	put in order, clean up	FALSE	FALSE	FALSE	FALSE	FALSE	FALSE	0
1448	21	5	乾杯	kanpai	toast, drink (in celebration)	FALSE	FALSE	FALSE	FALSE	FALSE	FALSE	1
1449	21	5	停車	teisha	stop (of a train)	FALSE	FALSE	FALSE	FALSE	FALSE	FALSE	0
1450	21	5	鳴く	naku	sing, cry (of animals)	FALSE	FALSE	FALSE	FALSE	FALSE	FALSE	1
1452	21	6	片道	katamichi	one way (trip)	FALSE	FALSE	FALSE	FALSE	FALSE	FALSE	1
1453	21	6	交番	kouban	police box	FALSE	FALSE	FALSE	FALSE	FALSE	FALSE	0
1454	21	6	大分	daibu	greatly, fairly, highly	FALSE	FALSE	FALSE	FALSE	FALSE	FALSE	0
1456	21	6	梅雨	tsuyu	rainy season	FALSE	FALSE	FALSE	FALSE	FALSE	FALSE	0
1457	21	6	真っ直ぐ	massugu	straight	FALSE	FALSE	FALSE	FALSE	FALSE	FALSE	0
1459	21	6	上着	uwagi	outerwear, coat, jacket	FALSE	FALSE	FALSE	FALSE	FALSE	FALSE	0
1460	21	6	偉い	erai	great, eminent	FALSE	FALSE	FALSE	FALSE	FALSE	FALSE	0
1461	21	7	書き方	kakikata	how to write, way of writing	FALSE	FALSE	FALSE	FALSE	FALSE	FALSE	1
1462	21	7	炊く	taku	cook (rice)	FALSE	FALSE	FALSE	FALSE	FALSE	FALSE	1
1465	21	7	踏切	fumikiri	railroad crossing	FALSE	FALSE	FALSE	FALSE	FALSE	FALSE	0
1467	21	7	受付	uketsuke	receptionist, information office	FALSE	FALSE	FALSE	FALSE	FALSE	FALSE	0
1468	21	7	怒る	okoru	get angry, scold	FALSE	FALSE	FALSE	FALSE	FALSE	FALSE	0
1469	21	7	化粧	keshou	makeup	FALSE	FALSE	FALSE	FALSE	FALSE	FALSE	0
1470	21	7	都合	tsugou	convenience, availability	FALSE	FALSE	FALSE	FALSE	FALSE	FALSE	1
1472	22	1	本棚	hondana	bookshelf, bookcase	FALSE	FALSE	FALSE	FALSE	FALSE	FALSE	0
1474	22	1	沸く	waku	boil, get loud (crowd applause etc.)	FALSE	FALSE	FALSE	FALSE	FALSE	FALSE	1
1476	22	1	押し入れ	oshiire	sliding-door closet	FALSE	FALSE	FALSE	FALSE	FALSE	FALSE	0
1477	22	1	革	kawa	leather	FALSE	FALSE	FALSE	FALSE	FALSE	FALSE	0
1478	22	1	ぐっすり	gussuri	soundly	FALSE	FALSE	FALSE	FALSE	FALSE	FALSE	0
1479	22	1	紅茶	koucha	black tea	FALSE	FALSE	FALSE	FALSE	FALSE	FALSE	1
1480	22	1	邪魔	jama	disturbance, blocking	FALSE	FALSE	FALSE	FALSE	FALSE	FALSE	0
1482	22	2	足す	tasu	add (things of the same kind)	FALSE	FALSE	FALSE	FALSE	FALSE	FALSE	1
1485	22	2	発車	hassha	departure (of a vehicle)	FALSE	FALSE	FALSE	FALSE	FALSE	FALSE	1
1487	22	2	おかず	okazu	dishes to go with the rice	FALSE	FALSE	FALSE	FALSE	FALSE	FALSE	1
1491	22	3	おしゃべり	oshaberi	chatter, idle talk	FALSE	FALSE	FALSE	FALSE	FALSE	FALSE	0
1492	22	3	読書	dokusho	reading books	FALSE	FALSE	FALSE	FALSE	FALSE	FALSE	0
1493	22	3	寒気	samuke	chill	FALSE	FALSE	FALSE	FALSE	FALSE	FALSE	1
1494	22	3	夕焼け	yuuyake	sunset glow	FALSE	FALSE	FALSE	FALSE	FALSE	FALSE	0
1495	22	3	傷める	itameru	damage, hurt	FALSE	FALSE	FALSE	FALSE	FALSE	FALSE	1
1496	22	3	くすぐったい	kusuguttai	ticklish	FALSE	FALSE	FALSE	FALSE	FALSE	FALSE	0
1497	22	3	泥棒	dorobou	thief, burglar	FALSE	FALSE	FALSE	FALSE	FALSE	FALSE	0
1498	22	3	襖	fusuma	paper sliding door	FALSE	FALSE	FALSE	FALSE	FALSE	FALSE	0
